{"cameraMode":{"drawMode":0,"name":"Shaded","section":"Shading Mode"},"sceneLighting":true,"audioPlay":false,"sceneViewState":{"showFog":true,"showMaterialUpdate":true,"showSkybox":true,"showFlares":true,"showImageEffects":true,"showParticleSystems":true},"in2DMode":false,"pivot":{"x":0.9896917343139648,"y":3.4059104919433595,"z":1.047719955444336},"rotation":{"x":-0.3072099983692169,"y":0.2574249804019928,"z":-0.08672377467155457,"w":-0.912060558795929},"size":32.877193450927737,"orthographic":false}