{"cameraMode":{"drawMode":0,"name":"Shaded","section":"Shading Mode"},"sceneLighting":true,"audioPlay":false,"sceneViewState":{"showFog":true,"showMaterialUpdate":true,"showSkybox":true,"showFlares":true,"showImageEffects":true,"showParticleSystems":true},"in2DMode":false,"pivot":{"x":48.161285400390628,"y":-0.6228847503662109,"z":33.889686584472659},"rotation":{"x":0.14450739324092866,"y":0.39588436484336855,"z":-0.06323455274105072,"w":0.9046569466590881},"size":104.42745208740235,"orthographic":false}