{"cameraMode":{"drawMode":0,"name":"Shaded","section":"Shading Mode"},"sceneLighting":true,"audioPlay":false,"sceneViewState":{"showFog":true,"showMaterialUpdate":true,"showSkybox":true,"showFlares":true,"showImageEffects":true,"showParticleSystems":true},"in2DMode":false,"pivot":{"x":-3.9991588592529299,"y":8.133318901062012,"z":16.865140914916993},"rotation":{"x":0.022161124274134637,"y":-0.17248336970806123,"z":0.003883415600284934,"w":0.984766960144043},"size":35.4420051574707,"orthographic":false}