{"cameraMode":{"drawMode":0,"name":"Shaded","section":"Shading Mode"},"sceneLighting":true,"audioPlay":false,"sceneViewState":{"showFog":true,"showMaterialUpdate":true,"showSkybox":true,"showFlares":true,"showImageEffects":true,"showParticleSystems":true},"in2DMode":false,"pivot":{"x":2.649829626083374,"y":1.3446102142333985,"z":-1.7876014709472657},"rotation":{"x":-0.30992135405540469,"y":0.06609567254781723,"z":-0.02161017805337906,"w":-0.9482266306877136},"size":12.363433837890625,"orthographic":false}