{"cameraMode":{"drawMode":0,"name":"Shaded","section":"Shading Mode"},"sceneLighting":true,"audioPlay":false,"sceneViewState":{"showFog":true,"showMaterialUpdate":true,"showSkybox":true,"showFlares":true,"showImageEffects":true,"showParticleSystems":true},"in2DMode":false,"pivot":{"x":2.03955078125,"y":1.055863380432129,"z":0.7903118133544922},"rotation":{"x":0.04130019620060921,"y":0.9334994554519653,"z":-0.1142750009894371,"w":0.3373740613460541},"size":13.875889778137207,"orthographic":false}