{"cameraMode":{"drawMode":0,"name":"Shaded","section":"Shading Mode"},"sceneLighting":true,"audioPlay":false,"sceneViewState":{"showFog":true,"showMaterialUpdate":true,"showSkybox":true,"showFlares":true,"showImageEffects":true,"showParticleSystems":true},"in2DMode":false,"pivot":{"x":-4.5272674560546879,"y":9.066308975219727,"z":15.697616577148438},"rotation":{"x":0.10297223925590515,"y":-0.4221837520599365,"z":0.04834164306521416,"w":0.8993569016456604},"size":90.6865463256836,"orthographic":false}